unit,frame,body,reach,binding,phone,built_on,hand_evidence,form,style,notes,confidence,coder,at
web-tools:map/aims,tabs;subtabs;lede,fields,,none,stack,map.js,,aims?,house,"One object, docs/aims.json, drawn as four labeled sections: Mission, Goals, Initiatives and Reading (map.js:706). Each section is a 7rem label column beside its values at lg (map.js:707) and stacks above them below it. Copy as Markdown (map.js:698) renders the same object as text. Reading links open GitHub in a new tab (map.js:744) and the repo door navigates to the Repos view (map.js:751), so nothing in the body opens over or beside it.",high,reader:map,be8506242461
web-tools:map/claims,tabs;subtabs;lede;dial,card-grid,peek,filter,same,map.js;source-peek,,,house,"Six lenses sit in a second strip (THEME_LENSES, map.js:3908). Clusters paints first, one bordered card per union-find cluster in one column (map.js:1801, map.js:5573). The range input (map.js:1777) decides which pairs survive and so which clusters exist; no frame code holds a threshold control, hence new:dial. The two counted segments beside it (map.js:1781) change which pairs the accent marks, not which are shown, so they act as a legend switch rather than census chips. File names peek (map.js:1807). Related expands a pair in place (map.js:1966). Matrix wires noteEnter and noteLeave on every cell (map.js:1898), and map.js defines neither.",high,reader:map,be8506242461
web-tools:map/context,tabs;subtabs;lede;count-chips,card-grid,deck-takeover,filter,same,map.js;swipeDeck.open,lib/alpineComponents/map.js:6146,,house,"Circles paints first: one card per source in one column under numbered circle headings (map.js:2976), filtered by a badge line with counts (map.js:2968), with three more lenses in a second strip (map.js:2953). A card title opens every file the registry names as one deck at that file (openCtxDeck, map.js:5026), the shared openFileDeck. The deck would land on a #anchor (landDeckHash, map.js:6070), but no row of docs/context-sources.csv carries one today. The sources and topics buttons (map.js:2937) copy the chip() look (map.js:636) yet open that deck rather than a peek, so one mark behaves two ways across tabs. Private circles and the Measured lens read Needs a token headless.",high,reader:map,be8506242461
web-tools:map/data,tabs;lede;search;count-chips,list,,filter,same,map.js,,,house,"Rows of CSV files grouped by repository and folder, each with its headers, rows, columns and size (map.js:2339). A repository select (map.js:2299) and the per-repository line beneath it (map.js:2319) both set dataScope, so one filter is drawn twice. A row opens the file in the Files view (openDataFile, map.js:4903), a route change and not an overlay; the comment at map.js:6112 records Distribution leaving exactly that behaviour for the deck. On a phone each row's counts drop under its name (map.js:2340). Headless shows the public hub only, since the other repositories need a token.",high,reader:map,be8506242461
web-tools:map/docs,tabs;subtabs;lede;search;count-chips;rail-filter,list,deck-takeover;peek,filter,stack,map.js;swipeDeck.open;source-peek,lib/alpineComponents/map.js:6146,,house,"map.js builds its own file deck on swipeDeck (openFileDeck, map.js:6146) rather than calling kits/file-deck.js; Distribution, Harness, Kits and Surfacing share it. The folder rail is map.js markup, shared with Harness. On a phone the reach chips wrap to three rows and the rail follows them, above the list.",high,pilot,be8506242461
web-tools:map/growth,tabs;subtabs;lede;selector,figure,,select-show,same,map.js;pages/doc-growth.html,,,house,"The tab frames pages/doc-growth.html in an iframe (map.js:1267) rather than porting it, so the bubble chart, its Table switch and its play bar belong to that page, which loads daisyUI itself. The corpus strip (map.js:1236) picks the one payload the chart draws and appears only when more than one repository declares a growth path, read through a token (loadEstateGrowth, map.js:4934). Headless shows the hub corpus with no strip, so the selector and its select-show binding are coded from code.",high,reader:map,be8506242461
web-tools:map/harness,tabs;subtabs;lede;count-chips;rail-filter,list,deck-takeover;peek,filter,stack,map.js;swipeDeck.open;source-peek,lib/alpineComponents/map.js:6146,,house,"The Docs arrangement again: invocation chips with counts that filter (map.js:3187), a folder rail with counts rolled up (map.js:3207), and the selected folder's direct files (map.js:3249). A title or the deck door opens the folder's files in the shared openFileDeck (openHarnessDeck, map.js:6992). The rail goes beside the files at the viewport lg breakpoint (map.js:3202), while Docs switches on its container (map.js:1414) for the docked deck reason given at map.js:1303, so one arrangement answers a docked deck two ways. On a phone the chips wrap to four rows and the rail sits above the files, more than a screen down. A standing sentence explains the badges (map.js:3170).",high,reader:map,be8506242461
web-tools:map/kits,tabs;lede;count-chips,list,deck-takeover;peek,filter,same,map.js;swipeDeck.open;source-peek,lib/alpineComponents/map.js:6146,,house,"One list flowed into two columns from xl (map.js:3331), filtered by the boot, demo and untested chips (map.js:3311). A name or the deck door opens the filtered list in openFileDeck (openKitDeck, map.js:7113). The demo badge navigates to the demo as an app view (kitDemoHref, map.js:7107), a route change. A standing sentence under the chip explains the rows (map.js:3301), beside the lede that already does. Namespace, load and line counts carry title-tips.",high,reader:map,be8506242461
web-tools:map/outposts,tabs;lede,card-grid,peek,none,same,map.js;source-peek,,outpost?,house,"One card per row of docs/outposts.csv, two columns from xl (map.js:3387), each a definition list of the outpost's parts (map.js:3405), so the card is written for the type. Addresses in the list are x-blob links that peek their source. The account-skills card spans both columns and adds the last recorded observation, which needs a token and shows a sign-in line headless (map.js:3422).",high,reader:map,be8506242461
web-tools:map/policy,tabs;subtabs;lede;search;count-chips;rail-filter,card-grid,peek,filter,hide:topic-rail,map.js;source-peek,,policy?,house,"A topic rail beside one column of rule cards (map.js:1633), narrowed by a search (map.js:1596), Level and Origin chips with counts (map.js:1603), and the rail. It is the Docs and Harness arrangement built a third way: btn-xs neutral chips where they use bordered pills, a solid primary pick in the rail (map.js:1651) where they tint, and below lg a Topic toggle that hides the rail (map.js:1636) where theirs stacks above the list. Each card quotes its passage and peeks the canonical doc (map.js:1691). The comment at map.js:1583 records it as a Gemini prototype carried onto main.",high,reader:map,be8506242461
web-tools:map/registries,tabs;lede,card-grid,peek,none,same,map.js;source-peek,,registry?,house,"One card per registry in one column, grouped by area with a rule line each (map.js:2451), every card carrying its key, identity, renders-in files and properties (map.js:2507). A standing paragraph under the chips defines a registry (map.js:2383), and two closed details blocks hold the legend (map.js:2396). The totals line (map.js:2439) counts and does not filter. File names, gates and renders-in badges peek through x-blob.",high,reader:map,be8506242461
web-tools:map/set,tabs;lede;search,list,deck-takeover;peek,filter,stack,map.js;swipeDeck.open;source-peek,lib/alpineComponents/map.js:6146,,house,"Rows grouped by delivery route, the groups side by side in two or three columns by container width (map.js:807) and stacked one above another on a phone. A title opens the visible rows as one deck at that row (openItem, map.js:4168). A folder row opens the Files view instead, and the owner door switches to the Skills, Docs or Automation tab with its filter set (openSetOwner, map.js:4136). The comment at map.js:6112 records that this tab once navigated to Files and moved to the deck so the reader keeps the set.",high,reader:map,be8506242461
web-tools:map/showing,tabs;lede,card-grid,peek,none,same,map.js;source-peek,,showing-mechanism?,house,"Six stacked sections over five files (map.js:945): Showing, with three axis cards (map.js:996) and then one card per mechanism (map.js:1009); Kinds, a card grid (map.js:1065); then Address grammar, Delivery modes, Toss routes and Paste as rows (map.js:1107, map.js:1121, map.js:1142, map.js:1185). Coded on the mechanism cards, which paint first; each is a field layout for one mechanism. Two paragraphs are hard-coded explanation (map.js:1063, map.js:1187) beside the note the payload carries (map.js:990). Renderer names and The frame open the Files view (openRouteRenderer, map.js:4407); kit, surface and renderer links peek.",high,reader:map,be8506242461
web-tools:map/skills,tabs;lede;search;count-chips,card-grid,peek,filter,same,map.js;source-peek,,,house,"One column of cards per skill under set headings (map.js:2148, map.js:2177), narrowed by search and two census lines: the set control drawn in the segmented tab style (map.js:2093) and the subject badges (map.js:2117), kept apart on purpose per the comment at map.js:2084. The set gloss under the control is standing prose that changes with the pick (map.js:2103). Names peek SKILL.md. The estate set needs a token and reads 0 headless (map.js:2210).",high,reader:map,be8506242461
web-tools:map/surfacing,tabs;lede,card-grid,deck-docked;deck-takeover;land,cite-land,takeover,map.js;swipeDeck.open;land,lib/alpineComponents/map.js:6146,,house,"One card per primitive in two columns (map.js:918). A card title docks the deck where the window allows, lands on the bullet the card paraphrases, and scrolls the card back into view (openSurfAt, map.js:4650). Below the 1024px dock width the same deck opens over the cards, which is the phone change. The deck door (map.js:888) and the region doors (showRegion, map.js:4685) open it undocked. The door's markup copies swipeDeck.entry by hand, held by deck-entry-parity.test.mjs, as the doors on Docs, Tests, Harness and Kits do. The doc is named by a bare code span and GitHub icon (map.js:872) beside a chip() for the index.",high,reader:map,be8506242461
web-tools:map/tests,tabs;subtabs;lede;count-chips,list,deck-takeover;peek,filter,same,map.js;swipeDeck.open;source-peek,lib/alpineComponents/map.js:6146,,house,"Three labeled chip rows, each a dimension with file and assertion counts, filter the suite (map.js:2671); rows group by method in two columns at lg (map.js:2715). A title or the deck door opens what the filters left in openFileDeck (openTestDeck, map.js:6898). Two registry-wide toggles, names and compared, expand every row at once (map.js:2631). In the estate needs a token and shows a sign-in line headless (map.js:2834). On a phone the chip rows wrap to six lines above the list.",high,reader:map,be8506242461
web-tools:map/views,tabs;subtabs;lede,list,expand-row,none,same,map.js;route-activity;route-join,,,house,"Rows of app routes ranked by last code change and folded under their nav stop (map.js:3557), with a census line of counts that does not filter (map.js:3514). A caret expands a row in place to its files and open pull requests (map.js:3631, map.js:3642); an openable label navigates to that view (openAppView, map.js:4350), a route change. Ranking and dating come from kits/route-activity.js and kits/route-join.js (map.js:4243, map.js:4331). Headless the load stopped at no route manifest at main (map.js:4326), so this row is coded from code. Since 2026-10-05 the tab is a subview of UI, behind its second-level switch, and ?view=routes lands here (docs/app-routes.csv, lands), so the two addresses are one unit.",medium,reader:map,be8506242461
web-tools:view/app,,host,,none,same,toss-render,,page,house,"The pane is a full-bleed iframe of pages/toss-render.html (app/index.html:1297), so the body is whatever page the address names. Shot as ?app=mehrlander/web-tools:pages/text-lab.html, which drew its own tabs, status chips and probe list; that arrangement belongs to the guest's row. Proposed new:host: the region holds another unit whole, and its arrangement is coded on that unit's row. The shell row uses the same code. The address goes into the frame and nothing comes back out (app/index.html:7543), so navigation inside the frame is not stamped and the binding is none. App views default to nav mode (app/index.html:2175): the header gains the page's own lit button and the sidebar starts closed at every width, so the phone shot differs only in width. A slug address waits on the appViews table, which loads only with a token (app/index.html:2669), so the owner/repo:path form was shot instead.",high,reader:shell,be8506242461
web-tools:view/atlas,selector;search;rail-filter,figure,peek,select-show,squeeze,treemap;hand,,,own,"The view is an iframe of pages/repo-atlas.html (app/index.html:1795), pinned to the default branch (app/index.html:5519). A zoomable canvas treemap is the main region (repo-atlas.html:142). Repo and ref boxes pick the one repo drawn, and a file filter narrows the tiles (repo-atlas.html:80, 92). The right rail holds This view, File types and Largest files (repo-atlas.html:147); a type row isolates one category on the map (repo-atlas.html:154), so the rail filters. A tile click selects a file into the rail's selection panel (repo-atlas.html:792), the select-show tie coded; filter also holds. A directory click zooms the map in place and the crumbs walk back up (repo-atlas.html:121), which no reach code holds. Hover draws a tooltip that follows the pointer (repo-atlas.html:765) and a double click opens GitHub. The page stamps repo, path, q, cat and area into its own iframe URL (repo-atlas.html:875), which never reaches the app's address. treemap.js supplies the layout kernels only; drawing is the page's canvas code. Phone: the page has no breakpoint. The rail keeps w-72 and the map is squeezed to a strip about 75px wide, while the header's filter box runs off screen. Proposed new:squeeze for a fixed-width region that keeps its width and crushes the main one. Its own CSS vocabulary (--ink, .panel, .field, .chip) rather than daisyUI.",high,reader:shell,be8506242461
web-tools:view/branches,tabs;search;count-chips,list,deck-takeover;drill,stamp,same,swipeDeck.open;branchBrief;fileDeck,lib/alpineComponents/branch-brief.js:742,branch,house,"A tap opens the visible list as a deck at that row, each slide mounting the branchBrief component (estate.js:11490); &detail= is stamped. The deck covers the view pane at lg and the window below it. A deep link to a branch the filter hides opens a deck of one. The scope chips are BRANCH_SCOPES (estate.js:8624); whether they carry counts was not checked. The Activity tab row and search box every Activity pane shares were added after the Activity reader found them missing.",medium,pilot,be8506242461
web-tools:view/chats,tabs;search;count-chips,list,,filter,same,hand,,,house,"The pane is lib/alpineComponents/estate.js:3255; kits/chat-archive.js reads the month shards and draws nothing. A frontier banner per provider sits above the list (lib/alpineComponents/estate.js:3288) and ends in a sentence of explanatory prose. Provider chips and a Hand chip carry counts and filter the loaded months (lib/alpineComponents/estate.js:3350); a Search the archive button hands the query to the Search view's Chats lane (lib/alpineComponents/estate.js:3344). One row per chat (lib/alpineComponents/estate.js:3386) with the same left-rail card class the Sessions and Branches rows use (lib/alpineComponents/estate.js:1972, 3208, 3387), copied rather than shared. A row's tags filter the list (lib/alpineComponents/estate.js:3413) and its title opens the chat on the provider's site in a new tab, so nothing opens over the view. Paged one month per tap (lib/alpineComponents/estate.js:3429). Not shot with data: the chats-pane scenario reads a chat-histories checkout this sandbox lacks, so coded from code.",medium,reader:activity,be8506242461
web-tools:view/config,,tool,expand-row,two-way,switch,config,,manifest?,house,"The open repo's .web-tools.json as a form beside its raw JSON (config.js:125). Both panes edit one object: a form edit re-serializes the draft and a JSON edit re-parses into the form (config.js:9), so the tie is two-way. Coded tool rather than fields because every labeled value is an input and the pane exists to save, with a Save bar stuck to its foot (config.js:465). The form sections are General, Projects, Pages and Stage, laid out by container queries (config.js:139). The Field reference is a closed details block over docs/manifest-fields.csv that opens in place with its own key filter (config.js:411). Below lg a Settings and JSON pill shows one pane at a time (config.js:110), confirmed by the phone shot. Save is disabled headless for want of a token; the form itself rendered with web-tools' manifest.",high,reader:shell,be8506242461
web-tools:view/files,,linked-swiper,deck-takeover;record-deck,two-way,same,fileBrowser;pathPicker;viewer;swipeDeck.open;swipeDeck.drill;recordDeck,lib/alpineComponents/file-browser.js:85,file,house,"The folder tree (pathPicker inline, file-browser.js:52) sits over a strip of the folder's files, one shared viewer per slide (file-browser.js:221). Coded linked-swiper, not header-swiper, because the top region is an index into the strip and the selection runs both ways. A tree pick sets sel and place() scrolls the strip to it (file-browser.js:108, 160). A swipe sets at, which writes sel back and marks and scrolls the tree's row (file-browser.js:109, 204, 212). The header comment calls this the branch detail's shape (file-browser.js:3), which the pilot coded header-swiper; the geometry is borrowed and the binding is not. The strip is a hand snap track with its own go(), stripScroll() and lazy mount (file-browser.js:85, 141 to 199), the job swipeDeck.core does with track, go, active and onSlide. The deck door beside it already uses the kit's open and drill (file-browser.js:284), and that deck moves this view's position on each slide (file-browser.js:275). Descending a folder re-scopes the strip, so the crumbs act as a selector over folders; left uncoded because the tree is the list half of the body. The record deck is the viewer's, reached on a tabular file (viewer.js:2893); with path=docs the strip opened on account-skills.csv as a Tabulator grid. Top over bottom at both widths; below sm only the pager arrows drop (file-browser.js:70).",high,reader:shell,be8506242461
web-tools:view/jots,,list-stack,peek;expand-row,filter,squeeze,hand;SourcePeek;pathPicker;Notes,,,house,"Not a view of its own: the jots key opens goLists() and the address restamps as ?view=lists (app/index.html:5598, 6406), and the nav lights Lists in the shot. Coded identically to web-tools:view/lists, which holds the evidence; the Jot section is the third of five (lib/alpineComponents/estate.js:4064).",high,reader:activity,be8506242461
web-tools:view/landing,,document,,none,same,overview;md-doc,,repo,house,"The repo's README rendered as prose (app/index.html:1469) under a head of the repo's own facts: name, description, visibility, stars, forks, default branch and push age as badges, and an Atlas button (app/index.html:1446). Defined inline as overview() (app/index.html:8287); the markdown goes through mdDoc.html when the kit is loaded and marked otherwise (app/index.html:2052). Nothing opens over the body: the Atlas button and the README's links navigate away. The head is a layout written for a repo, hence form repo. On a phone the Atlas button wraps under the title and the badges wrap to two rows; nothing else changes.",high,reader:shell,be8506242461
web-tools:view/lists,,list-stack,peek;expand-row,filter,squeeze,hand;SourcePeek;pathPicker;Notes,,,house,"Pin over To-do over Jot over Ping over Note in one pane (lib/alpineComponents/estate.js:3574), each section its own heading, capture form and inner scroll: Pin capped at 35% of the height (lib/alpineComponents/estate.js:3594) and the other four sharing the rest as flex-1 shares (lib/alpineComponents/estate.js:3756, 4064, 4218, 4293). No code holds several independent lists in fixed shares of one pane, hence new:list-stack. Reach is small: each heading's GitHub glyph peeks its JSON through SourcePeek (lib/alpineComponents/estate.js:3603), a Ping's answer opens in place (lib/alpineComponents/estate.js:4272), and the done to-dos are a collapsed pile. Note's about box narrows the Note list and a note's about chip sets it (lib/alpineComponents/estate.js:4312, 4346), which is the only tie between regions. A pin opens the Files view, which replaces the unit. A to-do's or jot's note button sets that filter from its own row (lib/alpineComponents/estate.js:4003, 4195, 12588), so the tie crosses sections. On a phone the shares hold while each heading's form wraps onto its own line and the touch-revealed row verbs take half the row, so each list keeps a window of about one row; no phone code names fixed shares squeezed this way, hence new:squeeze. Shot with tools/render/scenarios/estate-sessions.mjs, which seeds to-dos and jots; estate-pins.mjs could not be used, since it calls a removed goTodo.",high,reader:activity,be8506242461
web-tools:view/pages,count-chips;search,card-grid,,filter,same,gallery,,page,house,"One card per page, three columns at lg (app/index.html:1373). Each card has a thumbnail face that toggles in place among screenshot, live iframe and HTML source (app/index.html:1396), a title, and doors to the Files view and GitHub. Folder chips carry counts and narrow the cards (app/index.html:1345), and a name box narrows them further (app/index.html:1359). Both are stamped as filter and q (app/index.html:8222), so filter is coded and stamp also holds. The paragraph above the chips instructs the reader (Cards toggle, Use the sidebar) rather than naming the rows, so it is not coded lede (app/index.html:1332). No reach: the face switch is not one, and a title tap or the inspect icon leaves the view. Defined inline as gallery() (app/index.html:8060). The Project view's Pages pill draws a second, leaner copy of the same card grid by hand (app/index.html:1697). On a phone the chips wrap to seven rows, about 300px, and the grid drops to one column; short of a screen, so same.",high,reader:shell,be8506242461
web-tools:view/project/overview/readme,tabs,document,,none,same,mdDoc.html,,project,house,"Coded on a workspace with neither a landing nor an installation (home's projects/bills), whose Overview is its README rendered through mdHtml, which calls mdDoc.html (app/index.html:1605, app/index.html:2053). The masthead names the repo and the project; its GitHub icon peeks the README through source-peek (app/index.html:1517) and its folder icon opens the Files tab. The pill row is a tablist that scrolls rather than wraps (app/index.html:1542), so on a phone the Files pill is clipped at the right edge. Links inside the README open the Files view, which replaces the unit (app/index.html:4721, app/index.html:6241), so there is no reach. The Overview has two other first paints: a declared landing frames that page in an iframe (app/index.html:1571; budget-drs shows its whole Funding app there), and an installation manifest mounts installationView, which the overview row codes.",high,reader:work,be8506242461
web-tools:view/project/board,tabs,list,,none,same,hand,,task?,house,"Tasks read from board.csv and grouped by status, each row laid out for a task's title, size, session, awaiting, blockers and days since its last log (app/index.html:1639). Above the groups sits a review line of counts (open, awaiting, quiet, never logged) that does not filter, so it is not coded as census chips (app/index.html:1629). Done is collapsed behind its own heading. A task title opens the task file in the Files view, which replaces the unit (app/index.html:4706), so there is no reach. Where board.csv is missing the pane falls back to board.md rendered as prose (app/index.html:1681). The pill shows only when the project's board is a file (app/index.html:1547). Shot on home's projects/budget-drs.",high,reader:work,be8506242461
web-tools:view/project/docs,tabs;search,list,,none,same,hand;mdDoc.html,,,house,"Every markdown file under the workspace from one recursive tree read: root files first, then one group per folder headed by its relative path (app/index.html:1748). A path filter narrows the rows as typed (app/index.html:1742). A curated docs/README.md, where one exists, renders above the listing through mdHtml. A row opens the file in the Files view, which replaces the unit (app/index.html:4834), so there is no reach. Shot on web-tools' docs folder through the fallback project the shell builds for an undeclared path (app/index.html:4527), because home's tree is not served headless and the tab there reads Could not list.",high,reader:work,be8506242461
web-tools:view/project/files,tabs,linked-swiper,deck-takeover,two-way,same,fileBrowser;pathPicker;viewer;swipeDeck.open,lib/alpineComponents/file-browser.js:85,file,house,"The project folder's tree on top and a strip of that folder's files below, one viewer per slide (app/index.html:1580, file-browser.js:3). A tree pick scrolls the strip and a swipe moves the tree's selection (file-browser.js:136, file-browser.js:182). The strip is an inline snap track built in the component rather than on swipeDeck.core (file-browser.js:85), and its deck door copies swipeDeck.entry() markup under a parity test (file-browser.js:77). The door opens the same files as a house deck, drilling when a deck is already open, and the deck's onSlide moves the strip (file-browser.js:275). Stacked at both widths; below sm the previous and next buttons drop and the pill row clips Files at the right edge. Shot on web-tools' docs folder, since home's tree returns 404 headless.",high,reader:work,be8506242461
web-tools:view/project/overview/installation,tabs;count-chips,list-detail,row-menu;deck-takeover,stamp,switch,installationView;powershellFile;swipeDeck.open;SyncStatus,lib/alpineComponents/installation-view.js:49,installation-file?,house,"Coded on the installation case (home's projects/wps), the one this unit's listed files draw; the README and landing cases are the Overview's other two renderings, each a unit of its own. The workspace's PowerShell files grouped by area and unit in a 26rem column, beside the selected file's destination, status, observation history and source pane (installation-view.js:163). The state filter is a select whose options carry the counts, not a chip line (installation-view.js:120). Each row's status icon opens a menu of actions the component draws itself (installation-view.js:49) where rowMenu.open does that job; one action, Open in deck, opens the visible files as a swipe deck of powershellFile slides (installation-view.js:573). A pick redraws the detail and is stamped as &item= (app/index.html:5579). Below a 48rem container the list hides while a file is open and a back arrow returns (installation-view.js:165, installation-view.js:233). Not shot: the plain render 404s on home's manifest and the installation-home scenario stops at a token prompt, so this is coded from code.",medium,reader:work,be8506242461
web-tools:view/project/pages,tabs,card-grid,,none,same,hand,,page,house,"One card per catalog page the workspace claims or holds, each a lazy live iframe preview with pointer events off, a title and note, and a GitHub source link (app/index.html:1698, app/index.html:1704). The preview and the title navigate to toss-render in the same window, leaving the app, so there is no reach. The same page card is written three times by hand: here, in the repo Pages view (app/index.html:1373) and in Tools (tools.js:63); no kit draws it. One column on a phone, two from sm. Shot on home's projects/budget-drs, where the previews render the budget-drs app and the submittal page.",high,reader:work,be8506242461
web-tools:view/proposals,lede,list,expand-row,none,same,proposals;textDiff,,proposal?,house,"A heading, a count and Refresh, then two sentences under it (lib/alpineComponents/proposals.js:47, 55): the first names the rows, the second explains the apply rule, so the lede runs past the one sentence the code allows. One full card per pending proposal in a single column (lib/alpineComponents/proposals.js:69): target path, a one-line summary, a caution box, premise checks against the live target, then the change itself, a field before and after, a textDiff line diff (lib/alpineComponents/proposals.js:149) or side-by-side panes, and the two-tap apply. The card is written for the proposal record's fields, hence proposal?. The why text opens in place (lib/alpineComponents/proposals.js:198). Nothing opens over the view. On a phone the side-by-side fallback stacks inside the card, which does not change the arrangement. Unlike the other estate stops it keeps the repo sidebar on desktop, since app/index.html:6265 leaves proposals out of estateCtx. Shot with tools/render/scenarios/proposals-demo.mjs and proposals-phone-demo.mjs.",high,reader:activity,be8506242461
web-tools:view/public,selector;search,list-detail,,select-show,stack,publicBrowse,,file,house,"A repo box picks the one repo listed (public-browse.js:42) and a path filter narrows the flat list (public-browse.js:76). A pick redraws the preview beside it (public-browse.js:97): a plain pre of the raw text, or a links card for binaries and files over 256 KB. It seeds from the open repo and browses at once (public-browse.js:141), so the list and an empty preview are the first paint. md:grid-cols-2 puts the preview under the list on a phone (public-browse.js:69), each pane capped at 32rem. This is a second file browser beside Files: a flat path list instead of pathPicker and a hand pre instead of viewer.js. Both of those are components rather than kits, so nothing is cited as hand evidence. The sidebar is hidden here without a token because the estate context has no repos or app views to list (app/index.html:6272).",high,reader:shell,be8506242461
web-tools:view/repos,,card-grid,row-menu;peek,none,same,hand;SourcePeek;TitleTip,,repo,house,"Grouped sections of repo cards, one, two or three columns by width (lib/alpineComponents/estate.js:1062, 1074), then a folded Hidden list and an Unfiled list of account repos in three foldable groups (lib/alpineComponents/estate.js:1282, 1317). Each card is written for the repo: icon, name, note, adoption chips, skills, and badges for branches, stranded, findings, abandoned and open PRs. Its two trigger glyphs open the shell's repo menu at the trigger on tap or hover (lib/alpineComponents/estate.js:1098, 5604), the same panel the sidebar rows open; that menu is app/index.html code rather than kits/row-menu.js, so it is noted here and not cited as the unit's hand evidence. The scope file link peeks through SourcePeek. The name and the badges navigate to the repo, Branches or Tending, which replaces the unit. No frame: Repos is its own nav stop and the group headers only label. On a phone the grid is one column. Shot with tools/render/scenarios/activity-fake.mjs, which injects four cards; estate-rows.mjs and estate-unfiled.mjs could not be used, since estate-rows calls a removed goEstate.",high,reader:activity,be8506242461
web-tools:view/search,tabs;search;rail-filter;selector,list-detail,deck-takeover;drill,two-way,switch,searchView;viewer;swipeDeck.open;refPicker;pathPicker,,file,house,"Four mode pills (Names, Contents, Sessions, Chats), each stamped as &smode= (search-view.js:117); a query box; a single-select repo badge rail and a folder scope with crumbs, which narrow the list (search-view.js:139); and a ref picker that picks the one branch Names reads (search-view.js:153). Results sit in a 20rem column with the shared viewer beside them once a hit opens (search-view.js:210); below lg the list hides and a labelled back button returns to it (search-view.js:311). The deck door copies swipeDeck.entry() markup under a parity test (search-view.js:244). The deck's onSlide moves the open file and restamps the address (search-view.js:1106), so the tie is two-way and also a stamp. Session hits leave for the Sessions reader and chat hits for the provider's site. Headless the seeded query drew no rows, so the list column is empty in the shots; the reader beside it and the phone switch are seen.",high,reader:work,be8506242461
web-tools:view/sessions,tabs;subtabs;search;count-chips;contents-rail,list,deck-takeover;drill;file-deck;turn-deck;peek,stamp,same,swipeDeck.open;sessionBrief;sessionRender.open;branchBrief;fileDeck,lib/alpineComponents/session-brief.js:690;lib/alpineComponents/estate.js:6754;lib/alpineComponents/estate.js:4422,session,house,"The Activity pill row (lib/alpineComponents/estate.js:1469) and its one query box (lib/alpineComponents/estate.js:1558) sit over a lens strip (lib/alpineComponents/estate.js:1636: List, Table, Stars, Repos, Counts, Topics), then scope, repo and closing state chips each with counts (lib/alpineComponents/estate.js:1706), then a sticky day lane whose tap scrolls to a session and rings it (lib/alpineComponents/estate.js:1858, 1911), coded contents-rail. Coded on the List lens; Table is a Tabulator grid whose row tap opens the same decks (lib/alpineComponents/estate.js:10041), and the other four lenses are figures. The session name opens the list as a deck of sessionBrief slides (lib/alpineComponents/estate.js:8234), mirroring the Branches deck, and stamps &session=; inside a slide the transcript opens as a drill over it (lib/alpineComponents/session-brief.js:2103) and the calls and views open decks of their own (lib/alpineComponents/session-brief.js:1727, 1976). Each row nests the Branches pane's own row (lib/alpineComponents/estate.js:2650), so a branch name opens the branch deck over that session's branches and the row's cards button opens fileDeck straight from the list (lib/alpineComponents/estate.js:849). The session row's own cards button opens sessionRender.open, a deck of that one session's exchanges (lib/alpineComponents/estate.js:2503, 8102); no reach code names a deck of one item's turns opened from a list row, hence new:turn-deck. The count pairs open a row card on hover or tap (lib/alpineComponents/estate.js:2319), coded peek. Hand evidence: session-brief hand-builds an inline snap strip of the session's views (lib/alpineComponents/session-brief.js:690) where swipeDeck.core does the job, reachable from every deck slide; jumpToSession scrolls and flashes a ring by hand where kits/land.js does scroll, tint and fade; the row card closes through its own @click.outside (lib/alpineComponents/estate.js:4422) while estate.js never calls PanelTip.wire and session-brief.js:1883 does. The row card and the file deck button are shared with Branches. On a phone the lens strip wraps to two lines, the id drops, and about 450px of controls sit above the first row, short of a screen. Shot with tools/render/scenarios/estate-sessions.mjs stand-in data.",high,reader:activity,be8506242461
web-tools:view/shell,tabs,host,peek;row-menu,stamp,hide:sidebar,crumbBar;quickFind;refSwitch;repoMenu;source-peek;hand,app/index.html:1946,,house,"A header of view buttons in two groups split by a hairline, the estate's own and the repo-promoted app views (app/index.html:451), over a sidebar beside the main pane (app/index.html:608, 1267). The sidebar carries a crumb trail, the finder (quickFind, which jumps rather than filters), then per context the repo's views, projects, checks, pins and recents, or the estate's repos and app views; its view list is a second tab strip. The main pane holds exactly one view at a time, each lazy-mounted behind x-show with its own width cap, so the body is a slot. Proposed new:host: a region that hosts another unit whole, coded on that unit's row. Every view's state is written to the address through the VIEWS table (app/index.html:5557, syncUrl at 6085), so the binding is stamp. Recent files and project links carry source-peek cards (app/index.html:1242). The repo menu is a fixed panel positioned by hand from a row's trailing buttons (app/index.html:1946, style at 5478), the job rowMenu.open({x, y, items}) does. On touch, a horizontal swipe on main steps through estateNav (app/index.html:1268, 7960). Below lg the sidebar is an overlay drawer, closed by default (app/index.html:7806), with its own scrim (app/index.html:586); the header nav scrolls rather than wraps. Coded from the landing and bare estate shots; shell-desk.png and shell-phone.png are the landing render.",high,reader:shell,be8506242461
web-tools:view/stage,subtabs;rail-filter;search,tool,deck-takeover;drill;peek,select-show,stack,stager;dockSplit;swipeDeck.open;viewer;source-peek;pathPicker,,fileset,house,"Two panes split by the house dock-split handle (stage.js:1164, stage.js:2475): the deposit lens on the left (Out, the send picker, declared inboxes, and the errands when any are open) and the staged set with its Add finder on the right. The split is keyed to the Stage container at 42rem rather than to the window, so a docked deck stacks it as a phone does (stage.js:1126). The frame controls act on the Add pane only: a Browse, Recent, Search switch (stage.js:2032), Recent's single-select repo badges (stage.js:2074) and a filename box (stage.js:2087). An Add row stages its file, which redraws the staged list and the Out bundle. A staged row opens the reader as a deck over the staged set at that position (stage.js:4546); the comparison drills from it (stage.js:4412), as does the transform workbench (stage.js:3400). Flavor pills and staged rows peek through source-peek (stage.js:1819, stage.js:1910). The Recent badge rail is the same control as Search's repo rail, built twice with no kit. Form fileset because the staged list is the set a #stage= link carries. On a phone the panes stack, Out and errands first.",high,reader:work,be8506242461
web-tools:view/stage/errands,panel-toggle,list,,stamp,stack,stager;Errands,,errand?,house,"The Stage with its errand panel forced open: &tab=errands calls toggleErrands on mount, and the toggle writes the address back when the panel closes (stage.js:2322, stage.js:3046). The control is one moped button in the Staged header (stage.js:1555), not a strip, as the shell's own comment says (app/index.html:5587); new:panel-toggle names a single button that shows a region of the body and stamps its own address. The panel is a column of errand cards under Out, each a complete account with its own verbs: title, kind, age, venue, script and destination, the script text, a grade line, Run or Copy script, Aim here, and a closing note with Send and close or Decline (stage.js:1406). Aim here sets the Out destination, and ?errand=<id> rings one card (stage.js:1077). Nothing opens over the cards; the rest of the bench is coded on the Stage row. The shots match the Stage's because four stand-in errands are open and show the list anyway; open tints the moped button and adds the empty message and the bookmarklet row (stage.js:1480).",high,reader:work,be8506242461
web-tools:view/state,tabs,list,expand-row;peek,none,stack,stateView;TitleTip;Land.mark,,cache?,house,"Mounted by estate.js as the Activity row's last pill (lib/alpineComponents/estate.js:3231) and drawn by state-view.js. The Activity query box shows above it and does not reach it. At lg two columns (lib/alpineComponents/state-view.js:1238): Derived, one card per cache with its ages, a Refresh and a 7d and 24h calendar rail, and beside it Discovery, a GraphQL inspector with its own Response, Extracted and Query tabs and a paragraph of explanatory prose (lib/alpineComponents/state-view.js:1472). Below lg Discovery goes under the cards. A card's chevron opens it in place on Contents, History and Calls tabs (lib/alpineComponents/state-view.js:502, 522); a rail resolves the pointer to the nearest tick and opens a title-tip on it (lib/alpineComponents/state-view.js:2294). An &item= from an age pill elsewhere lands on a card through Land.mark with the tint left to Alpine (lib/alpineComponents/state-view.js:1724). The rail's nearest-mark hit test is the same idea as the Sessions day lane (lib/alpineComponents/estate.js:1911), written twice. Shot with tools/render/scenarios/state-view.mjs.",high,reader:activity,be8506242461
web-tools:view/tending,tabs,list,expand-row,none,same,tending;Findings;Notes,lib/alpineComponents/tending.js:233,finding?,house,"Attention and Settled with counts, each its own address (&tab=settled, lib/alpineComponents/tending.js:23), and a repo badge when a Repos card handed in a filter (lib/alpineComponents/tending.js:33). One article per finding (lib/alpineComponents/tending.js:52): kind, title, the owner's call, the next step and subject chips; a tap opens why, evidence, witnesses, history and the reply and Handled controls in place (lib/alpineComponents/tending.js:58, 240). The open state is not stamped, so the binding is none. An &item= link opens that finding and scrolls to it with scrollIntoView under a persistent bg-primary/5 tint (lib/alpineComponents/tending.js:52, 233), which is the job kits/land.js does with a fading tint, and which state-view.js already hands to Land.mark. The expanded finding is a layout for the finding record, hence finding?. Not shot with data: the tending-findings scenario timed out waiting on the notes store, so the list is coded from code and only the tab strip from pixels.",medium,reader:activity,be8506242461
web-tools:view/tools,,card-grid,,none,same,tools,,page,house,"A gallery of five pages listed in docs/tools.csv, with titles and notes joined from pages/pages.csv at load (tools.js:191). Each card has a thumbnail or live switch in its corner, which changes how the card looks rather than what the grid holds, an open link to the hosted page in a new tab, and a source link (tools.js:63). The header's registry chip peeks docs/tools.csv through source-peek (tools.js:48). Four columns at xl, one on a phone. The card is the same hand-built page card as the repo Pages view and the Project Pages tab (app/index.html:1373, app/index.html:1698).",high,reader:work,be8506242461
web-tools:view/writes,tabs;search;count-chips,list,,filter,same,hand,,,house,"Drawn by estate.js, not by write-kinds.js as the slice's files column suggests: the pane is lib/alpineComponents/estate.js:3462 and the kit only classifies each commit. A line of kind chips with counts is the filter and the census at once (lib/alpineComponents/estate.js:3478), with the cached window stated at its end; a Read 100 per repo button deepens the read (lib/alpineComponents/estate.js:3504). One row per commit (lib/alpineComponents/estate.js:3533): kind icon, short SHA linking to GitHub in a new tab, repo, subject, age. Nothing opens over or beside the list. On a phone the kind chips wrap to three lines and the repo name drops. The scenario carried no commits, so the rows are coded from the template; the frame is from pixels.",medium,reader:activity,be8506242461
web-tools:pages/approve.html,,deck-page,,none,same,fileDeck;swipeDeck.open;fileReview;mdDiff;Annotate,,approval?,house,"The page has no list and no header of its own: init opens kits/file-deck.js over the window on load (approve.html:289) and reopens it whenever it is closed (approve.html:322), so the deck is the body, one request item per slide, landing on the rendered md-diff reading (approve.html:303). The one addition to the kit's header is the green approve circle in its actions slot (approve.html:174). Proposed new:deck-page because no body code covers a page whose first paint is a takeover deck with nothing beneath it, and deck-takeover assumes a list it was opened from. Bare, it shows only the error alert; shot again with an inline #gz= test envelope of two web-tools files, which drew the deck at both widths. On a phone only the deck's slide counter drops.",high,reader:pages,be8506242461
web-tools:pages/links.html,,list,panel-below,select-show,stack,hand,pages/links.html:243,,own,"Areas are columns of grouped link rows, one to four by width (links.html:312), under a strip of rail-pinned items that repeats board entries rather than filtering anything (links.html:289). A row tap leaves for its destination, so the only reach is an area's notes button, which draws that area's dossier full width under all the columns (links.html:436); proposed new:panel-below because it opens neither in place like expand-row nor over the page like a modal. The dossier is rendered by a markdown-lite of its own (links.html:243) where kits/md-doc.js renders markdown. The edit toggle swaps the columns for a form (links.html:385), a mode rather than a frame. Style is Tailwind utilities only, but a portal vocabulary of its own: serif masthead, accent rules per area, small-caps group labels. On a phone the columns stack into one and the rail wraps to four lines. Rendered from the home checkout beside it.",high,reader:pages,be8506242461
web-tools:pages/news/news.html,tabs;search;filter-switch,list,,filter,same,hand,,,house,"Coded on Ledger: a sticky header holds the Ledger and Sources switch (news.html:315), a search box, a Topic or Date grouping switch, an All, Live, Backfilled switch, and topic and kind pills (news.html:360), over item cards grouped by topic (news.html:405). The pills narrow the list but carry no counts, so count-chips does not fit; proposed new:filter-switch for a chip row, switch or menu whose pick narrows the body without counts. The facet switch is coded tabs though it writes no address (news.html:62). A card title leaves for the source, so nothing opens on the page; the Sources facet is follow toggles with a param editor that expands in place (news.html:479). On a phone the facet labels drop to icons and the sticky header grows to about 315 of 844px, while each group heading is sticky at top-[104px] (news.html:408), the desktop header height, so from the code it would slide under the header there. Rendered from the home checkout.",high,reader:pages,be8506242461
web-tools:pages/shortcut-edit.html,,list,swap-view,select-show,same,hand,pages/shortcut-edit.html:163,edit-proposal?,house,"Opened bare, as the app view is, it lists the proposals read from shortcut-tools proposals/ (shortcut-edit.html:56); a pick replaces the list with that proposal under a back arrow (shortcut-edit.html:260), and a #gz= link from tools/edit.py opens straight there. Proposed new:swap-view for a pick that replaces the list in the same page with no deck or overlay. The proposal view is three numbered handover buttons, a line per change naming its place that scrolls to it without a tint (shortcut-edit.html:398), and the after listing with unchanged blocks folded to an outline that open in place (shortcut-edit.html:394). It aligns before and after with its own longest common subsequence (shortcut-edit.html:163) where kits/text-diff.js aligns lines, and draws the listing in the Chains page's form by its own code (shortcut-edit.html:402), a second copy of shortcuts.html:508. Desktop and phone differ only in width; the proposal view was shot with ?proposal=.",high,reader:pages,be8506242461
web-tools:pages/shortcut-log.html,filter-switch,list-detail,expand-row,select-show,switch,hand;sync-status;shortcut-evidence,pages/shortcut-log.html:251,log-entry?,house,"One-line rows grouped by day and by sitting (shortcut-log.html:70) beside the picked row's facts, side by side above a 48rem container (shortcut-log.html:66). The header's All, Installs, Runs, Behind select narrows the rows and shows no counts (shortcut-log.html:54), hence new:filter-switch, and a button in the detail filters to one name (shortcut-log.html:144). In a dump's detail the zip's shortcuts are rows that open in place to a diff of their listing (shortcut-log.html:157), aligned by its own longest common subsequence (shortcut-log.html:251) where kits/text-diff.js already aligns lines. Its header comment says it takes the PowerShell Overview's shape from installation-view.js, which it rebuilds by hand. On a phone the detail replaces the list behind a back arrow. Shot with a placeholder token so the sibling web-tools-private checkout answered the reads; without one it is gh-auth's token screen.",high,reader:pages,be8506242461
web-tools:pages/shortcuts.html,search;filter-switch,list,swap-view,stamp,hide:cards-build-columns,hand;sync-status;shortcut-evidence,pages/shortcuts.html:497,chain?,house,"A daisyUI table of chains whose headers neither sort nor filter, so list rather than grid (shortcuts.html:120), under a name filter and a select of device states with no counts (shortcuts.html:105). A chain name swaps the table for that chain's own view and writes ?name= by pushState (shortcuts.html:389), so a link reopens it: install and run buttons, Calls and Called by chips, and the action listing, whose references scroll to their line and tint it for 1.4s (shortcuts.html:497), the job kits/land.js does. The flagged layer is the page's own root, fixed inset-0 with header, main and footer rows (shortcuts.html:84), which html-style rule 5 reserves for top-level pages though this is framed as the Chains app view. On a phone the Cards and Build columns drop, their values moving under the name (shortcuts.html:425), and action labels become icons. The Device column fills only with a token; shot both ways and on ?name=.",high,reader:pages,be8506242461
web-tools:pages/text-lab.html,tabs;count-chips;filter-switch,list,expand-row,filter,same,hand;swipeDeck.open;mdDiff;mdVariants;PanelTip;GuideRender,pages/text-lab.html:738,,house,"Coded on Probes, the default pane: pill tabs written to ?pane= (text-lab.html:905), standing chips with counts and a concept select (text-lab.html:961), and probes grouped by date that open in place to their fields (text-lab.html:1088). One switch away, Variants rows are md-diff pairs with a foot line whose comment and info buttons open a pinned panel-tip (text-lab.html:634) and whose cards glyph opens the filtered list as a takeover deck at that row (text-lab.html:676). Runs opens a run's documents as a deck built on swipeDeck.open with md-variants per slide (text-lab.html:738) rather than through kits/file-deck.js, as map.js also does. Both decks stamp ?deck= and ?at=. Instruments is GuideRender over INSTRUMENTS.md; Resources is a coverage matrix whose rows filter the list below it. On a phone the five tabs wrap to two rows. Variant pairs did not render headless, and the variants deck opened with its header and foot only.",high,reader:pages,be8506242461
web-tools:pages/branch.html,,header-swiper,file-deck,none,same,branchBrief;fileDeck,lib/alpineComponents/branch-brief.js:742,branch,house,"Guide over files (branch-brief.js:415): the guide is about the branch, not an index into its files, so no selection binding. The same component is each slide of the Branches deck, so the branch form appears at ring 0 and at ring 3. Shot since 2026-10-05 at a #gh= address, where headless it finds no commits and draws the guide and the files empty; on a phone the guide stays over the files, as at desktop width, which is all the phone code rests on.",medium,pilot,be8506242461
web-tools:map/dimensions,tabs;subtabs;lede;count-chips,list,expand-row;deck-takeover;deck-docked,filter,same,map.js;swipeDeck.open;source-peek,,ui-code?,house,"One block per row of dimensions.csv, two to a row at @5xl (map.js:3571). Each block is an item group: its header, held at the top of the pane, names the dimension, how many of its codes are in use and whether a unit takes one or any (map.js:3578), with what the dimension holds and its test under it (map.js:3590). Each code is an item: its name, a bar for its share of the units in scope and a count, opening in place to its gloss, test, kit and units (map.js:3595); a unit opens the deck at itself over the units coded with it (map.js:3627), docked beside the list on a wide screen. The scope chips carry counts and narrow every bar (map.js:3545). By dimension and Table draw the same units two ways, the table one row per unit and one column per dimension, so the switch is recorded here and not coded (map.js:3555). A block's Gallery button and a code's shots link go to the Gallery grouped by that dimension (map.js:3585, map.js:3633), a change of subview rather than a reach. Declares a List whose item groups are the dimensions and whose items are the codes. Without a token it reads this repo's units only and says the budget-drs units need one.",high,reader:followup,24b0f1ca9f3e
web-tools:map/patterns,tabs;subtabs;lede;count-chips;contents-rail,card-grid,deck-takeover;deck-docked,two-way,same,map.js;swipeDeck.open;source-peek,,ui-unit?,house,"The coded units' shots as cards, in one section per code of the dimension Group by picks (map.js:3721). Each section's header is an item group held at the top of the pane, its badge reading the section's size in flow and n / m while held (map.js:3827, patTrack at map.js:7385). A card is the Pages gallery's card: the shot, then a tinted footer with the unit's kind, name, check seal, address and app (map.js:3889). The scope chips carry counts and narrow every section (map.js:3727); the jump row under them scrolls to a section and hides nothing (map.js:3751). A card opens the deck at itself over its section (map.js:7787), each slide drawn from the unit's codes (patSlide, map.js:7615); docked, the deck rings its card in the list and scrolls it under the held header as it swipes (map.js:7848), which with the card's tap makes the tie two-way. Group by and the Desktop and Phone switch (map.js:3737) change how the same units are arranged and which shot they show, so neither is coded. Below 42rem of pane, on a phone or beside a docked deck, the cards run one to a row and a strip under the held header names the current card (map.js:3774). Declares a Card grid whose item groups are the sections, whose items are the cards, and whose shots are the items' bodies (map.js:3808).",high,reader:followup,24b0f1ca9f3e
web-tools:view/project/overview/landing,tabs,host,,none,same,toss-render,,,house,"The workspace's declared landing page, whole, in a frame under the pill row (app/index.html:1578), served through pages/toss-render.html at the ref in view (projectLandingUrl, app/index.html:4603). A landing outranks an installation and a README: their panes are hidden whenever one is declared (app/index.html:1595), and the Overview pill wears a planet rather than a house (app/index.html:1553). The framed page is coded on its own row; the one declared landing is the budget-drs app, in home's projects/budget-drs entry. Shot over a stand-in workspace whose landing is pages/doc-growth.html.",high,reader:followup,24b0f1ca9f3e
