record,day,started,verdict,hub_checkout,surfacing_in_context,hub_claude_md_sha,skill_calls
2026-08-14-e901e06a.json,2026-08-14,2026-08-14T17:41:24Z,import,yes,yes,4e5e4f9a1a1b,1
2026-08-27-1dbd305e.json,2026-08-27,2026-08-27T15:42:33Z,import,yes,yes,fd6699838f20,0
2026-08-27-c65826d2.json,2026-08-27,2026-08-27T15:57:27Z,neither,no,no,,0
2026-08-27-b5d089ea.json,2026-08-27,2026-08-27T20:37:27Z,import,yes,yes,fd6699838f20,0
2026-08-27-b619ae16.json,2026-08-27,2026-08-27T20:51:54Z,import,yes,yes,fd6699838f20,0
2026-08-27-e651a333.json,2026-08-27,2026-08-27T21:56:19Z,import,yes,yes,fd6699838f20,0
2026-08-27-aa22948f.json,2026-08-27,2026-08-27T22:04:49Z,neither,no,no,,0
2026-08-27-e3ab68b8.json,2026-08-27,2026-08-27T22:17:51Z,import,yes,yes,fd6699838f20,0
2026-08-27-cf64136e.json,2026-08-27,2026-08-27T22:36:01Z,import,yes,yes,fd6699838f20,0
2026-08-27-4d5dfcc9.json,2026-08-27,2026-08-27T22:56:11Z,import,yes,yes,fd6699838f20,0
2026-08-28-3431a62c.json,2026-08-28,2026-08-28T00:58:53Z,import,yes,yes,fd6699838f20,1
2026-08-28-d7be7556.json,2026-08-28,2026-08-28T03:33:22Z,import,yes,yes,fd6699838f20,1
2026-08-28-9a08c5c1.json,2026-08-28,2026-08-28T03:38:26Z,import,yes,yes,fd6699838f20,0
2026-08-28-497826ca.json,2026-08-28,2026-08-28T04:54:56Z,import,yes,yes,fd6699838f20,1
2026-08-28-f8369ff9.json,2026-08-28,2026-08-28T06:25:35Z,import,yes,yes,fd6699838f20,0
2026-08-28-7ae5c8bc.json,2026-08-28,2026-08-28T14:05:10Z,import,yes,yes,fd6699838f20,0
2026-08-28-0bbfeb45.json,2026-08-28,2026-08-28T14:10:20Z,import,yes,yes,fd6699838f20,0
2026-08-28-207ae34d.json,2026-08-28,2026-08-28T14:23:31Z,import,yes,yes,fd6699838f20,2
2026-08-28-92038206.json,2026-08-28,2026-08-28T14:25:01Z,import,yes,yes,fd6699838f20,1
2026-08-28-a7f9d31b.json,2026-08-28,2026-08-28T15:01:57Z,import,yes,yes,fd6699838f20,0
2026-08-28-fb22da95.json,2026-08-28,2026-08-28T16:49:58Z,import,yes,yes,fd6699838f20,2
2026-08-28-f8e12c57.json,2026-08-28,2026-08-28T17:39:17Z,import,yes,yes,fd6699838f20,1
2026-08-28-c76c7dbf.json,2026-08-28,2026-08-28T17:50:56Z,import,yes,yes,fd6699838f20,0
2026-08-28-b8e7b5a9.json,2026-08-28,2026-08-28T18:00:25Z,import,yes,yes,fd6699838f20,1
2026-08-28-85797ef0.json,2026-08-28,2026-08-28T19:51:16Z,import,yes,yes,fd6699838f20,0
2026-08-28-af090ec7.json,2026-08-28,2026-08-28T20:30:23Z,import,yes,yes,fd6699838f20,0
2026-08-28-54923707.json,2026-08-28,2026-08-28T23:15:22Z,import,yes,yes,fd6699838f20,1
2026-08-29-6250b120.json,2026-08-29,2026-08-29T00:12:22Z,import,yes,yes,fd6699838f20,0
2026-08-29-6fa17c15.json,2026-08-29,2026-08-29T01:16:38Z,import,yes,yes,fd6699838f20,1
2026-08-29-239de92d.json,2026-08-29,2026-08-29T01:41:06Z,import,yes,yes,fd6699838f20,0
2026-08-29-61ccf2df.json,2026-08-29,2026-08-29T05:00:34Z,import,yes,yes,fd6699838f20,3
2026-08-29-8f3e6643.json,2026-08-29,2026-08-29T05:20:25Z,import,yes,yes,fd6699838f20,0
2026-08-29-c86ba044.json,2026-08-29,2026-08-29T06:02:07Z,import,yes,yes,fd6699838f20,1
2026-08-29-c8e4a323.json,2026-08-29,2026-08-29T15:11:34Z,import,yes,yes,fd6699838f20,2
2026-08-29-0046cceb.json,2026-08-29,2026-08-29T16:47:42Z,import,yes,yes,fd6699838f20,0
2026-08-29-d762e76b.json,2026-08-29,2026-08-29T20:00:16Z,import,yes,yes,fd6699838f20,1
2026-08-30-baa9edb1.json,2026-08-30,2026-08-30T05:46:32Z,import,yes,yes,fd6699838f20,1
2026-08-30-ea512722.json,2026-08-30,2026-08-30T06:05:45Z,import,yes,yes,fd6699838f20,1
2026-08-30-46d3eeb0.json,2026-08-30,2026-08-30T06:19:02Z,import,yes,yes,fd6699838f20,0
2026-08-30-05bc515d.json,2026-08-30,2026-08-30T15:48:28Z,import,yes,yes,fd6699838f20,0
2026-08-30-7539c35e.json,2026-08-30,2026-08-30T17:18:40Z,import,yes,yes,fd6699838f20,0
2026-08-30-74e3586e.json,2026-08-30,2026-08-30T17:24:05Z,import,yes,yes,e014c8880a9b fd6699838f20,1
2026-08-30-e372a618.json,2026-08-30,2026-08-30T17:31:32Z,import,yes,yes,fd6699838f20,0
2026-08-30-6efa3bef.json,2026-08-30,2026-08-30T17:51:02Z,import,yes,yes,fd6699838f20,1
2026-08-31-24b36422.json,2026-08-31,2026-08-31T14:13:23Z,import,yes,yes,fd6699838f20,1
2026-08-31-d931abc2.json,2026-08-31,2026-08-31T15:22:51Z,import,yes,yes,fd6699838f20,0
2026-08-31-991f9731.json,2026-08-31,2026-08-31T15:35:04Z,import,yes,yes,fd6699838f20,0
2026-08-31-5e32f5da.json,2026-08-31,2026-08-31T17:49:04Z,import,yes,yes,fd6699838f20,1
2026-08-31-85bad6e4.json,2026-08-31,2026-08-31T18:17:01Z,import,yes,yes,fd6699838f20,2
2026-08-31-d489504c.json,2026-08-31,2026-08-31T18:49:06Z,import,yes,yes,fd6699838f20,0
2026-08-31-410ed5af.json,2026-08-31,2026-08-31T23:07:52Z,import,yes,yes,fd6699838f20,0
2026-09-01-c90bfbb0.json,2026-09-01,2026-09-01T00:36:34Z,import,yes,yes,e014c8880a9b fd6699838f20,2
2026-09-01-078f811a.json,2026-09-01,2026-09-01T16:28:25Z,import,yes,yes,fd6699838f20,1
2026-09-01-ce1ae3c5.json,2026-09-01,2026-09-01T16:57:47Z,import,yes,yes,fd6699838f20,1
2026-09-01-7981bb6f.json,2026-09-01,2026-09-01T19:38:33Z,import,yes,yes,fd6699838f20,0
2026-09-01-4ccb5e28.json,2026-09-01,2026-09-01T19:48:45Z,import,yes,yes,fd6699838f20,0
2026-09-01-a00401a2.json,2026-09-01,2026-09-01T23:07:21Z,import,yes,yes,e014c8880a9b,1
2026-09-02-df643be7.json,2026-09-02,2026-09-02T09:15:51Z,import,yes,yes,7042b09b4612 e014c8880a9b,3
2026-09-02-bac66106.json,2026-09-02,2026-09-02T14:33:42Z,import,yes,yes,7042b09b4612 e014c8880a9b,0
2026-09-02-3a170326.json,2026-09-02,2026-09-02T19:42:19Z,import,yes,yes,e014c8880a9b,1
2026-09-02-9aba6b14.json,2026-09-02,2026-09-02T19:48:33Z,import,yes,yes,e014c8880a9b,1
2026-09-02-3d60eae9.json,2026-09-02,2026-09-02T22:22:11Z,import,yes,yes,7042b09b4612,0
2026-09-02-085603f2.json,2026-09-02,2026-09-02T22:56:19Z,import,yes,yes,7042b09b4612,1
2026-09-03-e0567096.json,2026-09-03,2026-09-03T02:37:32Z,import,yes,yes,7042b09b4612,0
2026-09-03-eb630071.json,2026-09-03,2026-09-03T02:39:24Z,import,yes,yes,7042b09b4612,0
2026-09-03-3bd1b752.json,2026-09-03,2026-09-03T02:51:44Z,import,yes,yes,7042b09b4612,2
2026-09-03-b4f47c52.json,2026-09-03,2026-09-03T03:26:15Z,import,yes,yes,7042b09b4612,0
2026-09-03-81f39822.json,2026-09-03,2026-09-03T03:47:05Z,import,yes,yes,7042b09b4612,0
2026-09-03-66f87f03.json,2026-09-03,2026-09-03T03:53:18Z,import,yes,yes,7042b09b4612,1
2026-09-03-e52fab14.json,2026-09-03,2026-09-03T12:58:20Z,import,yes,yes,7042b09b4612,1
2026-09-03-453b296e.json,2026-09-03,2026-09-03T13:05:37Z,import,yes,yes,7042b09b4612,0
2026-09-03-35323fc6.json,2026-09-03,2026-09-03T13:17:09Z,import,yes,yes,7042b09b4612,0
2026-09-03-966e8fca.json,2026-09-03,2026-09-03T15:15:07Z,import,yes,yes,7042b09b4612,0
2026-09-04-0b44a195.json,2026-09-04,2026-09-04T04:05:16Z,import,yes,yes,7042b09b4612,0
2026-09-04-dc221d89.json,2026-09-04,2026-09-04T04:09:11Z,import,yes,yes,7042b09b4612,1
2026-09-04-63870c66.json,2026-09-04,2026-09-04T04:23:22Z,import,yes,yes,7042b09b4612,1
2026-09-04-026ba92b.json,2026-09-04,2026-09-04T04:23:53Z,import,yes,yes,7042b09b4612,1
2026-09-04-9be96ead.json,2026-09-04,2026-09-04T04:25:42Z,import,yes,yes,7042b09b4612,0
2026-09-04-9bcb942c.json,2026-09-04,2026-09-04T04:26:51Z,import,yes,yes,7042b09b4612,0
2026-09-04-9089b680.json,2026-09-04,2026-09-04T04:53:59Z,import,yes,yes,7042b09b4612,1
2026-09-04-80818b00.json,2026-09-04,2026-09-04T05:27:52Z,import,yes,yes,7042b09b4612,1
2026-09-04-51fc8c75.json,2026-09-04,2026-09-04T13:00:51Z,import,yes,yes,7042b09b4612,0
2026-09-04-6ccb03fd.json,2026-09-04,2026-09-04T13:51:59Z,import,yes,yes,7042b09b4612,0
2026-09-04-9316b0d1.json,2026-09-04,2026-09-04T14:34:17Z,import,yes,yes,7042b09b4612,2
2026-09-04-73a5b151.json,2026-09-04,2026-09-04T14:56:43Z,import,yes,yes,7042b09b4612,0
2026-09-04-7fc2165e.json,2026-09-04,2026-09-04T15:17:10Z,import,yes,yes,7042b09b4612,0
2026-09-04-db134723.json,2026-09-04,2026-09-04T15:21:08Z,import,yes,yes,7042b09b4612,0
2026-09-04-8225b223.json,2026-09-04,2026-09-04T15:30:29Z,import,yes,yes,7042b09b4612,0
2026-09-04-97be702f.json,2026-09-04,2026-09-04T16:30:56Z,import,yes,yes,4e5e4f9a1a1b 7042b09b4612,1
2026-09-04-0ea87c08.json,2026-09-04,2026-09-04T17:02:01Z,import,yes,yes,7042b09b4612,0
2026-09-04-523c8115.json,2026-09-04,2026-09-04T17:20:22Z,import,yes,yes,7042b09b4612,0
2026-09-04-7f13458b.json,2026-09-04,2026-09-04T18:35:03Z,import,yes,yes,7042b09b4612,0
2026-09-04-11d032f8.json,2026-09-04,2026-09-04T20:56:37Z,import,yes,yes,7042b09b4612,0
2026-09-05-9d407d25.json,2026-09-05,2026-09-05T07:12:19Z,import,yes,yes,7042b09b4612,0
2026-09-05-d28dcb93.json,2026-09-05,2026-09-05T07:24:55Z,import,yes,yes,7042b09b4612,0
2026-09-05-14baa3df.json,2026-09-05,2026-09-05T07:27:16Z,import,yes,yes,7042b09b4612,0
2026-09-05-e54f8b55.json,2026-09-05,2026-09-05T07:28:41Z,import,yes,yes,7042b09b4612,0
2026-09-05-c76d481e.json,2026-09-05,2026-09-05T07:30:34Z,import,yes,yes,7042b09b4612,1
2026-09-05-dc9ad77e.json,2026-09-05,2026-09-05T07:33:27Z,import,yes,yes,7042b09b4612,0
2026-09-05-12bd459d.json,2026-09-05,2026-09-05T12:53:11Z,import,yes,yes,4e5e4f9a1a1b 7042b09b4612,1
2026-09-05-b11d0321.json,2026-09-05,2026-09-05T16:57:56Z,import,yes,yes,7042b09b4612,0
2026-09-05-9be8bf35.json,2026-09-05,2026-09-05T17:30:44Z,import,yes,yes,7042b09b4612,1
2026-09-05-5cb4302f.json,2026-09-05,2026-09-05T17:58:48Z,import,yes,yes,4e5e4f9a1a1b 7042b09b4612,0
2026-09-05-96123742.json,2026-09-05,2026-09-05T18:01:07Z,import,yes,yes,4e5e4f9a1a1b 7042b09b4612,2
2026-09-05-85a5d2e6.json,2026-09-05,2026-09-05T21:28:17Z,import,yes,yes,7042b09b4612,1
2026-09-05-3cb66524.json,2026-09-05,2026-09-05T21:50:49Z,import,yes,yes,4e5e4f9a1a1b 7042b09b4612,2
2026-09-05-35739385.json,2026-09-05,2026-09-05T22:03:34Z,import,yes,yes,7042b09b4612,5
2026-09-05-2a32b066.json,2026-09-05,2026-09-05T23:47:13Z,import,yes,yes,4e5e4f9a1a1b 7042b09b4612,4
2026-09-05-cda003e3.json,2026-09-05,2026-09-05T23:57:03Z,import,yes,yes,4e5e4f9a1a1b 7042b09b4612,1
2026-09-06-e4654c9e.json,2026-09-06,2026-09-06T15:04:41Z,import,yes,yes,4e5e4f9a1a1b,0
2026-09-06-1ed7f4f8.json,2026-09-06,2026-09-06T15:15:03Z,import,yes,yes,4e5e4f9a1a1b,0
2026-09-06-5eeda916.json,2026-09-06,2026-09-06T15:17:52Z,import,yes,yes,4e5e4f9a1a1b,0
2026-09-06-0213509a.json,2026-09-06,2026-09-06T15:21:26Z,import,yes,yes,4e5e4f9a1a1b,0
2026-09-06-02760db1.json,2026-09-06,2026-09-06T15:57:26Z,import,yes,yes,4e5e4f9a1a1b,0
2026-09-06-bc1be3a4.json,2026-09-06,2026-09-06T20:36:36Z,import,yes,yes,4e5e4f9a1a1b,0
2026-09-06-e171f261.json,2026-09-06,2026-09-06T23:34:21Z,import,yes,yes,4e5e4f9a1a1b,0
2026-09-07-4e8667ec.json,2026-09-07,2026-09-07T16:09:28Z,import,yes,yes,4e5e4f9a1a1b,1
2026-09-07-77898866.json,2026-09-07,2026-09-07T16:12:25Z,import,yes,yes,4e5e4f9a1a1b,3
2026-09-08-8af19e04.json,2026-09-08,2026-09-08T14:05:07Z,import,yes,yes,4e5e4f9a1a1b,0
2026-09-08-336ef209.json,2026-09-08,2026-09-08T14:41:43Z,import,yes,yes,4e5e4f9a1a1b,0
2026-09-08-782e6d71.json,2026-09-08,2026-09-08T15:13:55Z,import,yes,yes,4e5e4f9a1a1b 746a4f81f62f 83fe20603662,0
2026-09-08-17662c06.json,2026-09-08,2026-09-08T16:17:49Z,import,yes,yes,4e5e4f9a1a1b,0
2026-09-08-ccff2b3a.json,2026-09-08,2026-09-08T16:25:12Z,import,yes,yes,4e5e4f9a1a1b,0
2026-09-08-6fafedbb.json,2026-09-08,2026-09-08T16:46:00Z,import,yes,yes,4e5e4f9a1a1b,0
2026-09-08-1cec09b0.json,2026-09-08,2026-09-08T17:42:37Z,import,yes,yes,4e5e4f9a1a1b 83fe20603662,1
2026-09-08-2b84f45a.json,2026-09-08,2026-09-08T21:55:01Z,import,yes,yes,4e5e4f9a1a1b 746a4f81f62f 83fe20603662,0
2026-09-08-314550f5.json,2026-09-08,2026-09-08T22:12:21Z,import,yes,yes,4e5e4f9a1a1b b161f8bd9b69 c50dda2f5485,0
2026-09-09-d70bd8a6.json,2026-09-09,2026-09-09T05:06:00Z,import,yes,yes,83fe20603662 b161f8bd9b69,0
2026-09-09-2066b80c.json,2026-09-09,2026-09-09T13:02:58Z,import,yes,yes,83fe20603662 b161f8bd9b69,2
2026-09-09-bb066e0e.json,2026-09-09,2026-09-09T16:40:37Z,import,yes,yes,83fe20603662,0
2026-09-09-3a7693d6.json,2026-09-09,2026-09-09T19:05:15Z,import,yes,yes,83fe20603662 b161f8bd9b69,1
2026-09-09-99a60d33.json,2026-09-09,2026-09-09T19:53:38Z,import,yes,yes,83fe20603662,0
2026-09-10-da19eef1.json,2026-09-10,2026-09-10T04:08:41Z,import,yes,yes,83fe20603662,0
2026-09-10-4a5d86a7.json,2026-09-10,2026-09-10T06:13:25Z,import,yes,yes,b161f8bd9b69,2
2026-09-10-f1590a1e.json,2026-09-10,2026-09-10T07:40:40Z,import,yes,yes,b161f8bd9b69,1
2026-09-10-4503be05.json,2026-09-10,2026-09-10T07:42:29Z,import,yes,yes,b161f8bd9b69,0
2026-09-10-d657f526.json,2026-09-10,2026-09-10T07:43:12Z,import,yes,yes,b161f8bd9b69,0
2026-09-10-1ba17ffa.json,2026-09-10,2026-09-10T07:45:04Z,import,yes,yes,b161f8bd9b69,0
2026-09-10-87e97a4d.json,2026-09-10,2026-09-10T13:22:17Z,import,yes,yes,b161f8bd9b69,0
2026-09-10-5e310f92.json,2026-09-10,2026-09-10T13:24:11Z,import,yes,yes,8e9d2d89e53a b161f8bd9b69,1
2026-09-10-a8c6bfd4.json,2026-09-10,2026-09-10T13:24:55Z,import,yes,yes,b161f8bd9b69,0
2026-09-10-56baabb3.json,2026-09-10,2026-09-10T14:29:02Z,import,yes,yes,8e9d2d89e53a b161f8bd9b69,0
2026-09-10-8f8a0ed4.json,2026-09-10,2026-09-10T15:29:20Z,import,yes,yes,10be08e00ac8 41ae6de9f3b4 98f33f19ee39 b161f8bd9b69,0
2026-09-10-ae445da7.json,2026-09-10,2026-09-10T18:11:14Z,import,yes,yes,8e9d2d89e53a,0
2026-09-10-6e0df819.json,2026-09-10,2026-09-10T18:13:09Z,import,yes,yes,8e9d2d89e53a,0
2026-09-10-bbec3ab7.json,2026-09-10,2026-09-10T20:41:37Z,import,yes,yes,8e9d2d89e53a,0
2026-09-10-4835da35.json,2026-09-10,2026-09-10T20:50:11Z,import,yes,yes,8e9d2d89e53a,1
2026-09-10-bd517c72.json,2026-09-10,2026-09-10T21:09:19Z,import,yes,yes,8e9d2d89e53a,0
2026-09-10-e95fa0d0.json,2026-09-10,2026-09-10T21:24:31Z,import,yes,yes,10be08e00ac8 8e9d2d89e53a,0
2026-09-10-8b0518f1.json,2026-09-10,2026-09-10T22:25:15Z,import,yes,yes,8e9d2d89e53a,0
2026-09-11-d9ecd581.json,2026-09-11,2026-09-11T02:38:52Z,import,yes,yes,10be08e00ac8,1
2026-09-11-ce514c69.json,2026-09-11,2026-09-11T04:23:04Z,import,yes,yes,10be08e00ac8,0
2026-09-11-2335f9d5.json,2026-09-11,2026-09-11T05:26:58Z,import,yes,yes,10be08e00ac8 833987242a3e afd07789dc71,1
2026-09-11-4c4fd090.json,2026-09-11,2026-09-11T13:25:27Z,import,yes,yes,10be08e00ac8,0
2026-09-11-64f9020f.json,2026-09-11,2026-09-11T13:39:20Z,import,yes,yes,10be08e00ac8,0
2026-09-11-8656253f.json,2026-09-11,2026-09-11T13:41:18Z,import,yes,yes,10be08e00ac8,1
2026-09-11-c34b0bc7.json,2026-09-11,2026-09-11T13:44:02Z,import,yes,yes,10be08e00ac8,0
2026-09-11-cf75645e.json,2026-09-11,2026-09-11T13:56:43Z,import,yes,yes,10be08e00ac8,1
2026-09-11-e0872d59.json,2026-09-11,2026-09-11T16:15:21Z,import,yes,yes,10be08e00ac8,0
2026-09-11-fb30b17a.json,2026-09-11,2026-09-11T18:29:42Z,import,yes,yes,10be08e00ac8,0
2026-09-11-4eb088ec.json,2026-09-11,2026-09-11T18:35:16Z,import,yes,yes,10be08e00ac8 833987242a3e,2
2026-09-11-d2731039.json,2026-09-11,2026-09-11T21:45:59Z,import,yes,yes,10be08e00ac8,0
2026-09-12-33efb5bc.json,2026-09-12,2026-09-12T00:53:36Z,import,yes,yes,10be08e00ac8,0
2026-09-13-8fe21cd0.json,2026-09-13,2026-09-13T00:59:55Z,import,yes,yes,10be08e00ac8,4
2026-09-13-13d97cd9.json,2026-09-13,2026-09-13T01:00:26Z,import,yes,yes,10be08e00ac8,0
2026-09-13-07a6eb8a.json,2026-09-13,2026-09-13T06:34:34Z,invoke,yes,no,833987242a3e,2
2026-09-13-c6fb9221.json,2026-09-13,2026-09-13T06:55:09Z,invoke,yes,no,833987242a3e,1
2026-09-13-9f16e3ee.json,2026-09-13,2026-09-13T07:26:27Z,invoke,yes,no,833987242a3e,1
