path,rows,columns,bytes,headers
data/checks-reading/2026-09-05-gaps.csv,152,5,7377,"[""path"",""lines"",""named_by_tests"",""named_in_protects"",""layer""]"
data/checks-reading/2026-09-05-reading.csv,243,17,310600,"[""path"",""repo"",""oracle"",""scope"",""data_kinds"",""blocks"",""stop_sites"",""resists"",""confidence"",""construction"",""objects"",""smells"",""misses"",""expert_reading"",""oracle_notes"",""resists_why"",""shard""]"
data/checks-reading/explanations.csv,82,17,71165,"[""repo"",""artifact"",""script"",""where"",""script_sha"",""kind"",""term"",""requirement"",""a"",""a_mode"",""b"",""b_mode"",""failure"",""limit"",""blocks"",""unit"",""count""]"
data/column-primitives/2026-09-10-manifest-fields-pilot.csv,58,5,3493,"[""key"",""declared_type"",""primitive"",""cardinality"",""note""]"
data/conventions-delivery/2026-09-13-reading.csv,168,8,15237,"[""record"",""day"",""started"",""verdict"",""hub_checkout"",""surfacing_in_context"",""hub_claude_md_sha"",""skill_calls""]"
data/csv-census.csv,66,5,9019,"[""path"",""rows"",""columns"",""bytes"",""headers""]"
data/design/content.csv,22,4,2580,"[""locator"",""creation_mode"",""analysis_use"",""description""]"
data/doc-overlap/docs.csv,183,5,9479,"[""path"",""sha"",""prose_words"",""passages"",""shingles""]"
data/doc-overlap/gold-set/gold.csv,275,28,121310,"[""id"",""seed"",""stratum"",""stratum_size"",""stratum_seats"",""audit"",""cosine"",""literal"",""short"",""a_path"",""a_start"",""a_end"",""a_line"",""a_hash"",""b_path"",""b_start"",""b_end"",""b_line"",""b_hash"",""reader_relation"",""reader_confidence"",""rationale"",""sent"",""verdict"",""note"",""relation"",""reading"",""consolidate""]"
data/doc-overlap/matches.csv,970,13,113591,"[""source"",""start"",""end"",""line"",""words"",""hash"",""target"",""target_start"",""target_end"",""target_line"",""target_words"",""target_hash"",""cosine""]"
data/report-layout/three-way-compare.csv,35,6,1738,"[""group"",""subgroup"",""item"",""version"",""year"",""value""]"
data/ui-units/coded.csv,64,14,62320,"[""unit"",""frame"",""body"",""reach"",""binding"",""phone"",""built_on"",""hand_evidence"",""form"",""style"",""notes"",""confidence"",""coder"",""at""]"
data/ui-units/codes.csv,58,9,8978,"[""axis"",""code"",""name"",""gloss"",""test"",""not_to_confuse"",""kits"",""parts"",""icon""]"
data/ui-units/dimensions.csv,6,7,880,"[""dimension"",""name"",""holds"",""test"",""per_unit"",""read_from"",""color""]"
data/ui-units/instances.csv,57,12,9820,"[""unit"",""coded"",""declared"",""kit"",""parts"",""missing"",""stray"",""contract"",""slots"",""slots_missing"",""slots_stray"",""read_at""]"
data/ui-units/parts.csv,10,3,721,"[""part"",""name"",""gloss""]"
data/ui-units/shots.csv,25,8,4271,"[""unit"",""query"",""script"",""click"",""focus"",""shot"",""region"",""note""]"
data/ui-units/signals.csv,175,26,22553,"[""file"",""repo"",""lines"",""deck_open"",""deck_core"",""deck_drill"",""deck_entry"",""record_deck"",""file_deck"",""dock_split"",""source_peek"",""land"",""row_menu"",""sheet_modal"",""title_tip"",""panel_tip"",""tabulator"",""viewer"",""daisy_modal"",""tablist"",""alpine_xdata"",""inner_html"",""kits"",""hand_snap"",""hand_divider"",""hand_overlay""]"
data/ui-units/thumbs/thumbs.csv,57,7,9574,"[""unit"",""desk"",""phone"",""shot_at"",""recipe"",""focus"",""pattern""]"
data/ui-units/units.csv,167,30,55124,"[""unit"",""as_of"",""at"",""repo"",""app_ring"",""ring_basis"",""host"",""kind"",""group"",""view"",""tab"",""label"",""address"",""files"",""attribution"",""listed"",""reachable"",""deck_open"",""deck_core"",""deck_drill"",""deck_entry"",""record_deck"",""file_deck"",""dock_split"",""source_peek"",""tabulator"",""alpine_xdata"",""inner_html"",""kits"",""hand""]"
docs/account-skills.csv,43,4,2164,"[""name"",""want"",""twin"",""note""]"
docs/agents.csv,17,11,4465,"[""id"",""kind"",""team"",""path"",""icon"",""anchor"",""model"",""tools"",""preloads"",""memory"",""role""]"
docs/aims-goals.csv,5,3,380,"[""key"",""name"",""gloss""]"
docs/aims-initiatives.csv,5,3,839,"[""key"",""name"",""gloss""]"
docs/aims-reading.csv,5,4,378,"[""repo"",""path"",""private"",""gloss""]"
docs/app-routes.csv,25,13,13337,"[""key"",""address"",""label"",""stop"",""group"",""what"",""files"",""note"",""doc"",""tabs"",""alias"",""reads"",""lands""]"
docs/assistant-branches.csv,7,5,1090,"[""branch"",""repo"",""assistant"",""basis"",""declared""]"
docs/context-sources.csv,29,17,6706,"[""id"",""circle"",""item"",""repo"",""path"",""defined_in"",""link"",""arrives"",""when"",""reach"",""read"",""change"",""evidence"",""status"",""tally"",""topics"",""gloss""]"
docs/context-topics.csv,12,4,2579,"[""topic"",""label"",""verdict"",""gloss""]"
docs/direct-to-main.csv,11,6,2265,"[""process"",""target_repo"",""path_pattern"",""writer"",""sync_discipline"",""gloss""]"
docs/docs.csv,121,7,30629,"[""path"",""subject"",""status"",""reach"",""words"",""maintenance"",""formerly""]"
docs/harness.csv,332,8,62706,"[""path"",""role"",""layer"",""lines"",""invocation"",""emits"",""named"",""tested""]"
docs/hook-legs.csv,19,8,3109,"[""order"",""leg"",""gloss"",""watches"",""runs"",""stages"",""mode"",""in_repair""]"
docs/kits.csv,109,8,14151,"[""path"",""namespace"",""gloss"",""lines"",""boot"",""demo"",""users"",""tested""]"
docs/manifest-fields.csv,90,6,22100,"[""key"",""type"",""consumer"",""status"",""required"",""summary""]"
docs/map-tabs.csv,26,4,16149,"[""tab"",""gloss"",""refs"",""narrative""]"
docs/outposts.csv,4,12,2199,"[""id"",""title"",""gloss"",""declared"",""observed"",""reports"",""cadence"",""check"",""record"",""outpost_protocol"",""upkeep"",""doc""]"
docs/owners.csv,12,4,1893,"[""subject"",""kind"",""applies_to"",""authoritative""]"
docs/policies.csv,278,12,77052,"[""policy_id"",""topic_id"",""level"",""statement"",""canonical_doc"",""quoted"",""since"",""intent_class"",""origin_session"",""user_prompt_quote"",""enforcement"",""status""]"
docs/policy-topics.csv,31,4,3482,"[""topic_id"",""domain"",""title"",""gloss""]"
docs/portable.csv,96,6,11297,"[""kind"",""command"",""path"",""title"",""role"",""use""]"
docs/properties.csv,326,10,49299,"[""registry"",""property"",""mode"",""deriver"",""required"",""form"",""exclusive"",""values"",""column_primitive"",""gloss""]"
docs/registries.csv,49,15,22314,"[""id"",""path"",""key"",""identity"",""membership"",""inherits"",""target"",""scope"",""span"",""fields"",""gate"",""area"",""title"",""gloss"",""renders_in""]"
docs/repetitions.csv,19,4,3415,"[""subject"",""where"",""relation"",""check""]"
docs/routes-kinds.csv,12,15,1423,"[""kind"",""label"",""subject"",""detect"",""exclusive"",""view"",""route"",""shown_by"",""kit"",""unit"",""address"",""aim"",""aim_label"",""aim_hint"",""aim_icon""]"
docs/routes-modes.csv,7,7,2462,"[""param"",""form"",""carries"",""trust"",""sandbox"",""reach"",""note""]"
docs/routes-paste.csv,6,6,2680,"[""surface"",""path"",""recognizes"",""becomes"",""declines_to"",""gate""]"
docs/routes-routes.csv,4,7,1595,"[""key"",""repo"",""ref"",""path"",""renders"",""doc"",""example""]"
docs/run-methods.csv,7,5,2352,"[""method"",""venues"",""output_return"",""rules"",""gloss""]"
docs/showing-mechanisms.csv,9,11,6305,"[""key"",""glyph"",""label"",""form"",""subject"",""version"",""viewer"",""reaches"",""misses"",""use"",""trap""]"
docs/snags.csv,116,6,16058,"[""slug"",""title"",""count"",""last_seen"",""seen"",""targets""]"
docs/subjects.csv,9,8,2726,"[""key"",""label"",""needs"",""carrier"",""doc"",""detect"",""icon"",""gloss""]"
docs/surfacing.csv,11,7,4571,"[""key"",""lead"",""title"",""glyph"",""use"",""form"",""boundary""]"
docs/tests.csv,406,8,429390,"[""path"",""kind"",""protects"",""assertions"",""method"",""runner"",""boot_smoke"",""assertion_names""]"
docs/text-fields.csv,13,5,4080,"[""field"",""audience"",""gloss"",""use_when"",""instead_of""]"
docs/themes.csv,82,7,41434,"[""a"",""b"",""w"",""rule"",""quoted"",""shingle"",""scanned""]"
docs/tools.csv,5,2,190,"[""path"",""icon""]"
docs/upstream-skills.csv,12,10,3172,"[""id"",""author"",""upstream"",""status"",""pinned"",""digest"",""rationale"",""seen"",""ours"",""held""]"
docs/vocabularies.csv,64,5,7140,"[""registry"",""property"",""value"",""label"",""gloss""]"
pages/pages.csv,109,8,23139,"[""top"",""group"",""label"",""title"",""href"",""thumb"",""code"",""note""]"
skills/doc-craft/binding/runs.csv,12,9,1238,"[""date"",""target"",""units"",""words_before"",""words_after"",""floor_pct"",""achieved_pct"",""real_losses"",""caught_by""]"
skills/file-retrieval/sources.csv,8,2,164,"[""source"",""glob""]"
skills/manifest.csv,54,3,27004,"[""name"",""group"",""description""]"
skills/peeves/peeves.csv,63,8,19109,"[""id"",""name"",""area"",""peeve"",""look_for"",""owner"",""detector"",""sessions""]"
tracker/board-tags.csv,12,3,674,"[""task"",""tag"",""value""]"
tracker/board.csv,101,15,24725,"[""id"",""title"",""status"",""project"",""depends-on"",""opened"",""closed"",""session"",""size"",""awaiting"",""blockedBy"",""file"",""href"",""lastActivity"",""logEntries""]"
