key,address,label,stop,group,what,files,note,doc,tabs,alias,reads
shell,,Shell,,shell,"The shell is every route's file: it holds the router, the header, the sidebar, and the panes' outer markup, so a commit to it touches all of them and says nothing about which. The Routes tab therefore excludes it from attribution and reports it on its own row. A route whose `files` are empty has no code of its own AT ALL and renders from an inline component in the shell; that is a fact about the app worth reading, not a gap in this file.",app/index.html,,docs/show-repo.md,,,
landing,?repo=owner/name,Overview,Overview,repo,"A repo's front page: its README, with the repo's stats and a jump to the atlas.",,"Renders from overview(), defined inline in the shell, so it has no file of its own. It used to be a three-way choice (a declared landing page, else the pages gallery, else this); the README lost that choice whenever anything else was declared, so the other two became rows of their own.",,,,
pages,?view=pages,Pages,Pages,repo,"The pages gallery: web-tools' own catalog, or any repo's `pages` entries.",,"A standing view since 2026-08-14, wherever there is a catalog; it used to appear only when a custom landing had taken the front door from it. The same inline gallery() the landing used to use.",,,,
atlas,?view=atlas,Atlas,Atlas,repo,"The whole-repo treemap, rendered by a separate page the view frames.",lib/kits/treemap.js;pages/repo-atlas.html,,,,,
config,?view=config,Config,Config,repo,"The form over a repo's own .web-tools.json: membership, landing, pins, stage, checks.",lib/alpineComponents/config.js,,,,,
files,?view=files,Files,Files,repo,"A repo's tree beside the file it opens: the tap-through picker inline at the repo root, and the shared reader.",lib/alpineComponents/file-browser.js;lib/alpineComponents/path-picker.js;lib/alpineComponents/viewer.js,"`path` names the folder the tree opens on and `file` the file beside it; a bare `?file=` link opens here through openFile, as do pins, recents and the search bar's file hits. A project's Files tab is the same component based at the project folder.",docs/views/search.md,,,
project,?view=project&project=<path>,Project,Project,repo,"One workspace: Overview, Board, Pages and Docs, plus Code when an installation manifest is declared. Overview shows the landing page, installation evidence or README; Code provides pinned source, browser drafts, comparisons and reviewed publication to a new branch.",lib/alpineComponents/installation-view.js;lib/kits/installation.js;lib/alpineComponents/powershell-workspace.js;lib/kits/powershell-workspace.js;lib/kits/powershell-editor.js;lib/kits/powershell-language.js,"Overview uses the installation view when the workspace declares installation and has no landing page. Code is available to workspaces declaring installation, addressed by &tab=code; its selected file rides as &item=. The former &tab=installation address resolves to Overview. Board, Pages and Docs reuse shell components.",docs/views/project.md,overview;board;pages;docs;code,,
estate,?view=estate,Repos,Repos,estate,"The card per repo that opts in, grouped, with each repo's scope and adoption read.",lib/alpineComponents/estate.js;lib/kits/portable-align.js;lib/kits/repo-config-cache.js,,docs/views/estate.md,,,configs;activity
stage,?view=stage,Stage,Stage,estate,"The bench: the working fileset, its lenses, and the cross-repo transfer.",lib/alpineComponents/stage.js;lib/kits/text-diff.js,"Its one `tabs` value is not a tab: `&tab=errands` opens the errand panel in place, using the same sub-address key Project and Map use. The courier navigates here from our own origin when no errand is open on the page you are reading.",docs/stage.md,errands,surfaces,
branches,?view=branches,Branches,Activity,estate,"Every live branch across the estate in one list, freshest first, scoped by state: Open, Recent, Stranded, Landed, Abandoned. The cleanup pass over the estate's branches, and the swipe-deck's list.",lib/alpineComponents/branch-brief.js;lib/alpineComponents/estate.js;lib/kits/branch-brief.js;lib/kits/branch-status.js;lib/kits/repo-activity-cache.js,"A pane, then a lens of Sessions from 2026-08-19, a pane again from 2026-08-23, second in the Activity row after Sessions. The demotion read the flat list as a duplicate of what Sessions already nests; what it missed is that the branch scopes are a cleanup pass and a lens inside a session list is the wrong place to run one.",docs/views/branches.md,,,activity;sessions
sessions,?view=sessions,Sessions,Activity,estate,"The estate's session records, in four lenses. List nests each session's branches under it as state-tinted tiles; Stars, Repos and Counts draw the session-to-branch relation itself. A session known only from a branch commit trailer appears as a stub, and a branch no key places is listed as unattributed. `&set=<ids>` narrows the pane to a named set of sessions, in the order the link names them, and the deck swipes that set because the deck's sequence has always been the visible list.",lib/alpineComponents/estate.js;lib/alpineComponents/session-brief.js;lib/kits/branch-status.js;lib/kits/repo-activity-cache.js;lib/kits/repo-sessions-cache.js;lib/kits/session-export.js;lib/kits/session-render.js;lib/kits/session-index.js,"A set is a SCOPE, not a fourth filter. Every other narrowing here is a query (a window, a repo, a closing state) and none can say ""these seven, because somebody read them and picked them""; membership is the rule a query cannot write. Being a scope is what makes the swipe, the Table lens's session and pair grains, and the chip row free. It carries short ids, so a set outruns the pane where the crawl has not folded an id in: the chip counts what the LINK named and a line under it counts what this crawl can draw. `&set=` alone lands on the list, which answers how many and which; adding `&session=` opens the deck on one member.",docs/views/sessions.md,,activity,activity;sessions;titles
writes,?view=writes,Writes,Activity,estate,"The estate's commit stream read for WHO WROTE IT, in seven kinds, and for the one split that matters: development history (a session, a merge, a person, CI) against application state (the app's crawl, a tap in the app, the phone's log). Three writers share one GitHub identity here, so the author name settles almost nothing and the subject line is the signal. Renders from the activity cache the Branches pane already keeps, so the default reading costs no request; one control reads a hundred commits per repo when the cache's window is too short, which it is wherever the app writes most.",lib/kits/write-kinds.js,"The accent marks the development/application-state split and nothing else: seven colours would mean none of them did. The `device` kind alone is a heuristic over an observed vocabulary and is marked unsure on the pane, since a guess that cannot be told from a fact is the failure the field prevents.",docs/views/writes.md,,,
chats,?view=chats,Chats,Activity,estate,The conversation archive: the venue with no key joining it to a branch. The pane pages one month of catalog shards at a time and its box narrows what is loaded; searching every month is the Files view's Chats lane.,lib/alpineComponents/estate.js;lib/kits/chat-archive.js;lib/kits/chat-render.js;lib/kits/estate-search.js,,docs/views/chats.md,,,
routes,?view=routes,Views,Map,estate,"Every address the app can be sent to, ranked by when the code behind each last moved, with whatever pull request is open against it now.",docs/app-routes.csv;lib/alpineComponents/map.js;lib/kits/route-activity.js;docs/vocabularies.csv,"A tab of the Map view since 2026-09-08, addressed as ?view=map&tab=views; ?view=routes was its own Activity pane until then and still resolves, forwarding here. Named Views rather than Routes because this component already carries a different routes table, the Showing tab's address grammar, and because a row here IS a ?view= key.",docs/views/map.md,,,
todo,?view=todo,To-do,Lists,estate,"The two personal piles, to-do over jot, in one pane.",lib/alpineComponents/estate.js,,docs/views/todo.md,,,
jots,?view=jots,Jot,Lists,estate,The same pane as to-do; the key survives so a saved link lands somewhere real.,lib/alpineComponents/estate.js,,docs/views/todo.md,,,
map,?view=map,Map,Map,estate,"The coordination layer made inspectable: Distribution, Surfacing, Showing, Docs with Inventory, Purpose, and Growth, Themes, Harness, Kits, Skills, Views, and Registries.",docs/aims.json;docs/properties.csv;docs/registries.csv;docs/routes.json;docs/surfacing.csv;docs/kits.csv;skills/manifest.csv;lib/alpineComponents/map.js,"A tab is usually a registry's detail view, so a registry earns one when its rows read as a filterable list; rows with a rendering of their own (pages, tasks, utility pages) get their view elsewhere in the app. Docs/Purpose renders docs/aims.json and is not a registry reading: five goals classify nothing, so its file reads like routes.json",docs/views/map.md,aims;set;surfacing;showing;docs;claims;tests;harness;kits;views;skills;registries,portable,configs;sessions
tools,?view=tools,Tools,Tools,estate,The curated gallery of utility pages.,docs/tools.csv;lib/alpineComponents/tools.js,,docs/views/tools.md,,,
search,?view=search,Search,Search,estate,"Find files and records: search names at any ref under any folder, search contents, grep the session records, search the chat archive's catalog, and read a hit in place.",lib/alpineComponents/path-picker.js;lib/alpineComponents/ref-picker.js;lib/alpineComponents/search-view.js;lib/alpineComponents/viewer.js;lib/kits/chat-archive.js;lib/kits/estate-search.js;lib/kits/session-index.js,"The ?view= key is `search`, its name since the view was a results list. It was labelled Files from the retirement of the per-repo tree walk until 2026-09-24, when browsing returned to a Files view of its own (`files`) and this one went back to searching. Two of the four lanes search a CORPUS rather than the repos (Sessions, Chats) and so take no repo, ref or folder; the controls that name those stand down together under them.",docs/views/search.md,,,sessions;titles
state,?view=state,State,Activity,estate,"What the estate keeps derived, when each cache was last checked, and what the estate itself did in the last day or week, as a rail of one tick per commit and per session active.",lib/alpineComponents/state-view.js;lib/kits/crawl-runs.js,"Activity's last pill since 2026-08-23. It was a nav stop of its own, which put the estate's motion in two places: this pane answers whether the other pills are current, and that question is asked of them.",docs/views/state.md,,,
proposals,?view=proposals,Proposals,Proposals,estate,Pending cross-repo edits awaiting a confirm; shown in the nav only while something waits.,lib/alpineComponents/proposals.js;lib/kits/repo-proposals.js,,docs/manifest.md,,,
public,?view=public,Public browse,Public browse,shell,The tokenless read of any public repo.,lib/alpineComponents/public-browse.js,,docs/show-repo.md,,,
app,?app=<slug> | ?app=owner/repo[@ref]:path | ?view=app&appRepo=<owner/repo>&appPath=<path>,App view,App view,shell,"A page some repo promotes, rendered live through toss-render; one address, many destinations.",pages/toss-render.html,"Not a screen this repo draws: the shell frames whatever page the address names. Three spellings, one destination; the short form is what stamp() writes when the open page declares a slug. A deep link into the framed page rides the FRAGMENT, which is the subject's namespace (the shell's is the query), with ?on= as the query fallback for a context that eats the '#'. See lib/kits/url-params.js subject(). The open view takes the tab too: its name leads the title and the framed page's own icon replaces the hex nut on both the favicon and the apple-touch link, announced up by toss-render on toss-subject-mark. It is also the one route whose shell default is `none`, so ?app=<slug> opens the page bare and carries neither a view= nor a shell= key.",docs/show-repo.md,,,
