key,lead,title,glyph,use,form,boundary
reference-links,Reference is a link,Reference is a link,,Explicit [caption](url) for anything tappable; a proposal links its subject before the reasoning.,[caption](url),Bare paths drop on mobile and in copies; only a renderable page gets a render link (the honesty gate).
show-pixels,Show pixels,Show pixels,,"For visual changes, send an inspected headless-browser screenshot inline.",,A viewport shot cannot show horizontal overflow; measure scrollWidth (SNAGS).
hand-over,Hand over the artifact,Hand over the artifact,,"Send the file the user would open or run with SendUserFile, not just a description or a path.",,"proactive when unprompted, normal when replying; images preview inline, other types download."
toss,Toss a live view 🥏,Toss a live view,🥏,Render a page with no hosted URL through the shared toss renderer rather than handing over source alone.,toss-render.html#gz=<base64url> | #gh=owner/repo[@ref]:path,"#gz= travels to any reader; #gh= is token- and allowlist-gated, and the token is browser-local."
branch-anchor,Branch anchor,Branch anchor,,The first file-modifying reply leads with Working branch: [branch-name](url).,Working branch: [name](tree url),
branch-page,Open the branch 🌿,Open the branch,🌿,"Link the live branch page beside the guide PR; its facts are read from the API on every load, so the link is current whenever opened. &pane= opens a pane and &file= opens the file deck on one path.",pages/branch.html#gh=owner/repo@branch[&base=ref][&pane=files][&file=path],"Token-gated with the in-app-browser caveat; 🌿 is where you read the branch, 🧭 where you merge it."
guide-pointer,Guide pointer 🧭,Guide pointer,🧭,Mark the branch's guide PR; close a reply with 🧭 [PR #N](url) (body synced | body not synced).,,"The parenthetical claims this reply rewrote the guide region, never carried forward."
caption,Surfacing caption,Surfacing caption,,"End a file-modifying turn with the 🌿 branch-page line and the turn commit, not a file list; the page enumerates.",🌿 [branch](pages/branch.html#gh=owner/repo@branch) · N files · [this turn](commit/sha),"The enumerated [new]/[main]/[diff] list survives only as the tokenless or undeployed-page fallback in surfacing-extended.md; the 🌿 line replaces the list, never the prose."
close-order,Close in one order,Close in one order,,"Every reply ends the same way, parts skipped where they do not apply: the 🌿 caption line, the render line, 🧭, then exactly one closing state, last.",🌿 line -> render line -> 🧭 -> closing state,"The order never varies and nothing follows the state; a reply that changed no files still closes with one, but a wake that leaves the reader nothing new gets no reply, and if the harness then demands visible output, one line naming the wake is the floor."
closing-state,Closing state,Closing state,🟢,"Every reply that finishes work, proposes work, or leaves something open ends with exactly one of eleven states (🟢 ready to continue, ❇️ ready to assess, 🟡 pending, 🆚 choice needed, ✴️ needs you, 🟠 attention, ⚪ clean exit, 🟣 merged, 🔴 closed, ⚫ done, 🔵 short answer), so the next move is cheap to recognize.",,"Exactly one state per reply; the colour says who acts, so a green state is the session's work and 🟢 never instructs the reader while orange needs the reader (🆚 to decide, ✴️ to do); go authorizes only what the 🟢 or ❇️ list names; uncertainty the session can investigate is ❇️ rather than 🆚 or ✴️, and a 🆚 needs two live options, since an assessment landing on one is ⚪ recommending it; every ✴️ ask ships the link that performs it, or says why none can exist; 🔵 puts the question itself in the bold lead; 🟣 and 🔴 mark the branch, not a task; attention debt gates green, so work that leaves the reader something to return to is ❇️ and names what it leaves; ⚪ is before the merge, 🟣 one merge, ⚫ after the last, and ⚫ is the only state about the session rather than the reply."
subscribe-pr,Subscribe the workstream PR 📬,Subscribe the workstream PR,📬,"Call subscribe_pr_activity on creating a workstream PR. Subscribe once, receive every event, act per event: a go: comment instructs (intent, never authority), everything else is incoming context and obliges nothing.",,"Never schedule a check-in; the plugin refuses send_later, and create_trigger stays open for a reminder actually asked for. A PR event is news only as a failing check that is this session's work, a comment or review, an unreported merge or close, or a passing check the reader said to wait for."
